RecordNo,Label
1,spam
2,info
3,spam
4,info
5,spam
6,info
7,ham
8,ham
9,info
10,ham
11,spam
12,info
13,spam
14,spam
15,spam
16,spam
17,info
18,info
19,spam
20,ham
21,info
22,info
23,info
24,info
25,info
26,info
27,info
28,info
29,spam
30,info
31,spam
32,ham
33,spam
34,info
35,ham
36,info
37,ham
38,ham
39,info
40,info
41,info
42,info
43,spam
44,info
45,spam
46,info
47,info
48,info
49,spam
50,info
51,spam
52,info
53,spam
54,ham
55,info
56,ham
57,ham
58,ham
59,spam
60,info
61,spam
62,ham
63,spam
64,ham
65,spam
66,ham
67,info
68,ham
69,ham
70,spam
71,info
72,info
73,info
74,info
75,info
76,spam
77,ham
78,ham
79,info
80,info
81,ham
82,ham
83,ham
84,spam
85,spam
86,ham
87,info
88,spam
89,ham
90,info
91,info
92,info
93,info
94,spam
95,info
96,info
97,ham
98,ham
99,info
100,spam
101,ham
102,spam
103,ham
104,ham
105,ham
106,spam
107,spam
108,ham
109,ham
110,spam
111,ham
112,info
113,info
114,spam
115,info
116,info
117,ham
118,ham
119,spam
120,spam
121,ham
122,spam
123,info
124,spam
125,info
126,ham
127,info
128,ham
129,spam
130,info
131,ham
132,ham
133,ham
134,ham
135,spam
136,ham
137,spam
138,info
139,spam
140,info
141,ham
142,info
143,info
144,spam
145,ham
146,info
147,ham
148,ham
149,info
150,ham
151,ham
152,spam
153,spam
154,spam
155,info
156,spam
157,spam
158,info
159,info
160,info
161,ham
162,info
163,info
164,spam
165,info
166,spam
167,spam
168,ham
169,spam
170,spam
171,ham
172,spam
173,spam
174,info
175,ham
176,info
177,ham
178,ham
179,ham
180,ham
181,ham
182,spam
183,info
184,ham
185,info
186,ham
187,ham
188,spam
189,info
190,info
191,spam
192,spam
193,ham
194,spam
195,spam
196,spam
197,ham
198,spam
199,ham
200,ham
201,ham
202,spam
203,spam
204,info
205,ham
206,ham
207,ham
208,spam
209,ham
210,info
211,ham
212,info
213,ham
214,info
215,ham
216,ham
217,ham
218,spam
219,ham
220,ham
221,spam
222,ham
223,ham
224,info
225,info
226,spam
227,ham
228,ham
229,info
230,info
231,spam
232,info
233,info
234,spam
235,info
236,ham
237,info
238,spam
239,ham
240,ham
241,ham
242,ham
243,info
244,info
245,ham
246,info
247,spam
248,spam
249,ham
250,info
251,spam
252,spam
253,spam
254,info
255,info
256,ham
257,ham
258,info
259,spam
260,spam
261,info
262,ham
263,spam
264,ham
265,ham
266,ham
267,ham
268,ham
269,spam
270,ham
271,spam
272,info
273,ham
274,ham
275,info
276,info
277,ham
278,ham
279,ham
280,ham
281,spam
282,spam
283,info
284,spam
285,info
286,ham
287,info
288,spam
289,spam
290,ham
291,info
292,info
293,ham
294,ham
295,info
296,info
297,spam
298,ham
299,info
300,info
301,info
302,ham
303,info
304,spam
305,info
306,ham
307,spam
308,spam
309,spam
310,info
311,ham
312,info
313,ham
314,ham
315,info
316,info
317,info
318,spam
319,spam
320,info
321,info
322,ham
323,spam
324,spam
325,info
326,info
327,info
328,spam
329,ham
330,info
331,ham
332,spam
333,spam
334,info
335,ham
336,info
337,ham
338,ham
339,ham
340,info
341,ham
342,ham
343,spam
344,info
345,info
346,info
347,ham
348,info
349,spam
350,ham
351,ham
352,info
353,spam
354,ham
355,ham
356,info
357,info
358,info
359,spam
360,info
361,ham
362,ham
363,info
364,spam
365,ham
366,spam
367,info
368,spam
369,info
370,spam
371,spam
372,ham
373,ham
374,ham
375,spam
376,ham
377,ham
378,ham
379,ham
380,info
381,spam
382,ham
383,spam
384,spam
385,info
386,info
387,spam
388,info
389,ham
390,ham
391,ham
392,spam
393,info
394,spam
395,info
396,info
397,spam
398,info
399,spam
400,info
401,info
402,info
403,info
404,info
405,info
406,ham
407,ham
408,ham
409,ham
410,info
411,info
412,info
413,spam
414,ham
415,ham
416,info
417,ham
418,info
419,ham
420,ham
421,spam
422,info
423,info
424,info
425,ham
426,info
427,spam
428,ham
429,ham
430,ham
431,info
432,info
433,ham
434,info
435,ham
436,spam
437,info
438,ham
439,ham
440,ham
441,info
442,info
443,spam
444,ham
445,info
446,ham
447,ham
448,spam
449,info
450,info
451,ham
452,ham
453,info
454,ham
455,spam
456,ham
457,ham
458,spam
459,info
460,info
461,ham
462,info
463,info
464,spam
465,spam
466,ham
467,info
468,ham
469,ham
470,ham
471,ham
472,ham
473,ham
474,info
475,ham
476,spam
477,info
478,info
479,ham
480,ham
481,ham
482,spam
483,info
484,ham
485,spam
486,info
487,spam
488,ham
489,ham
490,ham
491,spam
492,info
493,ham
494,spam
495,info
496,info
497,spam
498,ham
499,info
500,ham
501,ham
502,info
503,spam
504,spam
505,spam
506,ham
507,spam
508,info
509,info
510,info
511,info
512,ham
513,info
514,info
515,info
516,info
517,spam
518,info
519,info
520,info
521,spam
522,info
523,ham
524,spam
525,info
526,ham
527,ham
528,info
529,spam
530,spam
531,spam
532,info
533,ham
534,info
535,ham
536,info
537,spam
538,ham
539,spam
540,info
541,ham
542,spam
543,ham
544,spam
545,ham
546,info
547,info
548,ham
549,info
550,ham
551,ham
552,spam
553,spam
554,spam
555,spam
556,ham
557,ham
558,ham
559,info
560,info
561,ham
562,spam
563,info
564,spam
565,ham
566,ham
567,info
568,info
569,info
570,spam
571,info
572,ham
573,spam
574,info
575,spam
576,info
577,ham
578,info
579,info
580,info
581,ham
582,ham
583,ham
584,info
585,ham
586,info
587,ham
588,info
589,info
590,ham
591,ham
592,info
593,ham
594,ham
595,spam
596,info
597,ham
598,info
599,ham
600,ham
601,spam
602,spam
603,spam
604,info
605,info
606,info
607,info
608,spam
609,spam
610,ham
611,info
612,info
613,ham
614,info
615,info
616,info
617,ham
618,ham
619,ham
620,info
621,ham
622,spam
623,info
624,info
625,info
626,info
627,ham
628,ham
629,ham
630,info
631,info
632,info
633,info
634,spam
635,ham
636,info
637,ham
638,info
639,spam
640,info
641,spam
642,info
643,ham
644,info
645,info
646,info
647,info
648,info
649,info
650,info
651,spam
652,ham
653,spam
654,ham
655,info
656,ham
657,ham
658,ham
659,spam
660,info
661,ham
662,spam
663,info
664,info
665,ham
666,spam
667,info
668,spam
669,spam
670,info
671,ham
672,spam
673,info
674,ham
675,info
676,ham
677,info
678,info
679,info
680,ham
681,spam
682,info
683,info
684,ham
685,info
686,info
687,ham
688,info
689,info
690,info
691,info
692,info
693,ham
694,spam
695,info
696,spam
697,info
698,spam
699,ham
700,ham
701,ham
702,ham
703,info
704,info
705,info
706,spam
707,ham
708,ham
709,spam
710,info
711,ham
712,spam
713,ham
714,ham
715,spam
716,spam
717,spam
718,spam
719,ham
720,spam
721,info
722,ham
723,spam
724,info
725,spam
726,spam
727,spam
728,ham
729,spam
730,ham
731,ham
732,ham
733,info
734,info
735,ham
736,info
737,spam
738,ham
739,info
740,info
741,ham
742,ham
743,ham
744,spam
745,info
746,ham
747,ham
748,spam
749,info
750,ham
751,spam
752,info
753,spam
754,info
755,ham
756,info
757,info
758,info
759,spam
760,spam
761,spam
762,ham
763,info
764,info
765,info
766,info
767,info
768,info
769,ham
770,ham
771,info
772,info
773,spam
774,info
775,info
776,ham
777,info
778,ham
779,ham
780,spam
781,info
782,info
783,ham
784,spam
785,info
786,spam
787,spam
788,ham
789,ham
790,ham
791,ham
792,ham
793,ham
794,spam
795,spam
796,ham
797,info
798,ham
799,ham
800,spam
801,ham
802,ham
803,ham
804,spam
805,spam
806,ham
807,ham
808,ham
809,spam
810,ham
811,info
812,info
813,spam
814,spam
815,info
816,ham
817,ham
818,ham
819,ham
820,info
821,info
822,ham
823,spam
824,ham
825,ham
826,info
827,ham
828,info
829,spam
830,ham
831,info
832,info
833,info
834,spam
835,spam
836,info
837,info
838,ham
839,info
840,info
841,ham
842,info
843,spam
844,info
845,spam
846,ham
847,info
848,ham
849,info
850,info
851,info
852,spam
853,ham
854,info
855,info
856,ham
857,info
858,info
859,spam
860,info
861,ham
862,ham
863,info
864,spam
865,info
866,spam
867,spam
868,info
869,info
870,info
871,ham
872,info
873,ham
874,info
875,ham
876,info
877,info
878,info
879,info
880,ham
881,ham
882,spam
883,ham
884,spam
885,ham
886,info
887,info
888,info
889,spam
890,info
891,info
892,info
893,info
894,spam
895,ham
896,info
897,ham
898,ham
899,info
900,spam
901,ham
902,ham
903,ham
904,ham
905,info
906,ham
907,info
908,ham
909,spam
910,ham
911,spam
912,ham
913,ham
914,info
915,ham
916,spam
917,ham
918,spam
919,spam
920,info
921,ham
922,ham
923,info
924,spam
925,ham
926,info
927,ham
928,spam
929,ham
930,ham
931,info
932,info
933,ham
934,ham
935,info
936,ham
937,info
938,spam
939,spam
940,ham
941,info
942,spam
943,info
944,info
945,info
946,spam
947,spam
948,ham
949,ham
950,spam
951,ham
952,info
953,info
954,ham
955,info
956,spam
957,info
958,info
959,ham
960,info
961,ham
962,ham
963,info
964,ham
965,spam
966,info
967,spam
968,info
969,ham
970,spam
971,ham
972,info
973,ham
974,spam
975,ham
976,info
977,info
978,ham
979,ham
980,spam
981,info
982,ham
983,ham
984,spam
985,info
986,info
987,spam
988,info
989,ham
990,ham
991,info
992,ham
993,info
994,ham
995,info
996,spam
997,spam
998,info
999,spam
1000,info
1001,info
1002,spam
1003,ham
1004,ham
1005,spam
1006,ham
1007,ham
1008,spam
1009,info
1010,info
1011,info
1012,ham
1013,info
1014,info
1015,info
1016,ham
1017,ham
1018,spam
1019,info
1020,info
1021,ham
1022,ham
1023,ham
1024,info
1025,ham
1026,info
1027,ham
1028,spam
1029,spam
1030,spam
1031,spam
1032,spam
1033,info
1034,info
1035,info
1036,ham
1037,spam
1038,spam
1039,spam
1040,info
1041,ham
1042,spam
1043,info
1044,ham
1045,ham
1046,spam
1047,spam
1048,info
1049,info
1050,info
1051,ham
1052,ham
1053,spam
1054,ham
1055,info
1056,ham
1057,info
1058,info
1059,info
1060,info
1061,info
1062,ham
1063,spam
1064,spam
1065,ham
1066,info
1067,spam
1068,ham
1069,ham
1070,spam
1071,spam
1072,ham
1073,spam
1074,info
1075,spam
1076,info
1077,info
1078,ham
1079,info
1080,info
1081,info
1082,ham
1083,info
1084,info
1085,info
1086,ham
1087,info
1088,ham
1089,spam
1090,spam
1091,ham
1092,spam
1093,info
1094,ham
1095,spam
1096,info
1097,info
1098,ham
1099,spam
1100,info
1101,info
1102,info
1103,spam
1104,info
1105,info
1106,ham
1107,ham
1108,spam
1109,ham
1110,info
1111,spam
1112,ham
1113,spam
1114,info
1115,info
1116,info
1117,ham
1118,info
1119,spam
1120,ham
1121,spam
1122,info
1123,info
1124,ham
1125,ham
1126,spam
1127,ham
1128,info
1129,ham
1130,ham
1131,info
1132,ham
1133,ham
1134,info
1135,info
1136,info
1137,ham
1138,info
1139,info
1140,ham
1141,ham
1142,ham
1143,info
1144,info
1145,info
1146,ham
1147,spam
1148,info
1149,spam
1150,spam
1151,info
1152,spam
1153,info
1154,info
1155,spam
1156,spam
1157,ham
1158,info
1159,ham
1160,spam
1161,info
1162,info
1163,info
1164,ham
1165,info
1166,info
1167,spam
1168,ham
1169,spam
1170,ham
1171,spam
1172,info
1173,ham
1174,spam
1175,info
1176,spam
1177,ham
1178,ham
1179,spam
1180,info
1181,ham
1182,spam
1183,ham
1184,spam
1185,info
1186,ham
1187,spam
1188,ham
1189,info
1190,info
1191,ham
1192,ham
1193,ham
1194,ham
1195,info
1196,ham
1197,ham
1198,info
1199,spam
1200,info
1201,info
1202,info
1203,spam
1204,spam
1205,info
1206,info
1207,spam
1208,info
1209,info
1210,ham
1211,info
1212,ham
1213,spam
1214,info
1215,spam
1216,spam
1217,info
1218,info
1219,info
1220,ham
1221,spam
1222,info
1223,info
1224,spam
1225,info
1226,ham
1227,info
1228,info
1229,info
1230,info
1231,spam
1232,ham
1233,ham
1234,info
1235,info
1236,spam
1237,info
1238,spam
1239,spam
1240,ham
1241,ham
1242,info
1243,spam
1244,ham
1245,ham
1246,spam
1247,info
1248,info
1249,spam
1250,info
1251,spam
1252,info
1253,ham
1254,ham
1255,ham
1256,info
1257,spam
1258,info
1259,info
1260,info
1261,ham
1262,info
1263,spam
1264,spam
1265,ham
1266,info
1267,spam
1268,ham
1269,ham
1270,ham
1271,ham
1272,spam
1273,info
1274,ham
1275,ham
1276,ham
1277,spam
1278,info
1279,spam
1280,info
1281,ham
1282,info
1283,info
1284,ham
1285,ham
1286,ham
1287,ham
1288,spam
1289,info
1290,ham
1291,info
1292,info
1293,info
1294,ham
1295,info
1296,info
1297,ham
1298,ham
1299,info
1300,info
1301,info
1302,spam
1303,info
1304,spam
1305,spam
1306,ham
1307,info
1308,info
1309,info
1310,ham
1311,info
1312,info
1313,info
1314,ham
1315,ham
1316,spam
1317,info
1318,info
1319,ham
1320,ham
1321,info
1322,ham
1323,info
1324,info
1325,ham
1326,info
1327,spam
1328,spam
1329,info
1330,ham
1331,ham
1332,info
1333,spam
1334,spam
1335,info
1336,ham
1337,info
1338,spam
1339,info
1340,ham
1341,spam
1342,spam
1343,info
1344,info
1345,info
1346,ham
1347,ham
1348,ham
1349,ham
1350,ham
1351,info
1352,ham
1353,spam
1354,spam
1355,info
1356,spam
1357,info
1358,info
1359,info
1360,ham
1361,spam
1362,ham
1363,ham
1364,spam
1365,ham
1366,spam
1367,info
1368,info
1369,info
1370,info
1371,info
1372,info
1373,info
1374,spam
1375,info
1376,ham
1377,spam
1378,info
1379,info
1380,info
1381,spam
1382,info
1383,info
1384,spam
1385,spam
1386,spam
1387,ham
1388,ham
1389,info
1390,spam
1391,info
1392,info
1393,spam
1394,ham
1395,spam
1396,ham
1397,ham
1398,spam
1399,spam
1400,spam
1401,info
1402,spam
1403,info
1404,ham
1405,spam
1406,ham
1407,info
1408,info
1409,info
1410,spam
1411,info
1412,info
1413,ham
1414,info
1415,ham
1416,info
1417,ham
1418,spam
1419,ham
1420,spam
1421,ham
1422,ham
1423,spam
1424,info
1425,info
1426,spam
1427,ham
1428,info
1429,info
1430,info
1431,info
1432,ham
1433,info
1434,ham
1435,ham
1436,info
1437,spam
1438,ham
1439,info
1440,info
1441,ham
1442,info
1443,spam
1444,ham
1445,info
1446,ham
1447,ham
1448,info
1449,spam
1450,info
1451,info
1452,ham
1453,ham
1454,ham
1455,ham
1456,ham
1457,info
1458,spam
1459,ham
1460,info
1461,info
1462,spam
1463,ham
1464,info
1465,info
1466,info
1467,info
1468,spam
1469,ham
1470,spam
1471,spam
1472,ham
1473,ham
1474,info
1475,spam
1476,spam
1477,info
1478,ham
1479,info
1480,info
1481,info
1482,spam
1483,info
1484,spam
1485,ham
1486,ham
1487,info
1488,ham
1489,spam
1490,ham
1491,ham
1492,spam
1493,info
1494,ham
1495,info
1496,info
1497,ham
1498,spam
1499,spam
1500,info
1501,ham
1502,ham
1503,spam
1504,ham
1505,spam
1506,spam
1507,info
1508,info
1509,info
1510,info
1511,ham
1512,ham
1513,info
1514,ham
1515,ham
1516,ham
1517,spam
1518,ham
1519,ham
1520,info
1521,ham
1522,ham
1523,ham
1524,spam
1525,info
1526,info
1527,ham
1528,info
1529,info
1530,info
1531,spam
1532,ham
1533,ham
1534,info
1535,info
1536,ham
1537,ham
1538,ham
1539,spam
1540,ham
1541,info
1542,info
1543,info
1544,ham
1545,spam
1546,spam
1547,spam
1548,info
1549,spam
1550,ham
1551,info
1552,info
1553,spam
1554,info
1555,ham
1556,info
1557,ham
1558,spam
1559,info
1560,ham
1561,spam
1562,info
1563,info
1564,spam
1565,spam
1566,info
1567,ham
1568,spam
1569,ham
1570,ham
1571,info
1572,info
1573,info
1574,ham
1575,info
1576,info
1577,info
1578,ham
1579,spam
1580,spam
1581,info
1582,info
1583,info
1584,info
1585,ham
1586,info
1587,info
1588,info
1589,info
1590,ham
1591,info
1592,ham
1593,ham
1594,info
1595,info
1596,ham
1597,spam
1598,ham
1599,info
1600,ham
1601,info
1602,info
1603,info
1604,ham
1605,info
1606,ham
1607,ham
1608,ham
1609,info
1610,spam
1611,info
1612,ham
1613,ham
1614,ham
1615,spam
1616,ham
1617,ham
1618,info
1619,spam
1620,spam
1621,spam
1622,ham
1623,spam
1624,ham
1625,info
1626,info
1627,info
1628,ham
1629,info
1630,spam
1631,info
1632,ham
1633,spam
1634,info
1635,spam
1636,info
1637,spam
1638,spam
1639,info
1640,info
1641,info
1642,ham
1643,spam
1644,spam
1645,ham
1646,spam
1647,info
1648,spam
1649,ham
1650,info
1651,ham
1652,info
1653,info
1654,spam
1655,info
1656,spam
1657,info
1658,ham
1659,ham
1660,spam
1661,info
1662,ham
1663,ham
1664,info
1665,ham
1666,spam
1667,spam
1668,info
1669,info
1670,ham
1671,spam
1672,spam
1673,ham
1674,info
1675,ham
1676,ham
1677,ham
1678,info
1679,spam
1680,info
1681,ham
1682,info
1683,ham
1684,info
1685,ham
1686,ham
1687,info
1688,ham
1689,info
1690,info
1691,ham
1692,ham
1693,spam
1694,spam
1695,spam
1696,ham
1697,ham
1698,ham
1699,info
1700,ham
1701,spam
1702,info
1703,ham
1704,ham
1705,info
1706,info
1707,info
1708,spam
1709,ham
1710,info
1711,ham
1712,info
1713,info
1714,spam
1715,info
1716,ham
1717,spam
1718,info
1719,ham
1720,spam
1721,info
1722,spam
1723,ham
1724,ham
1725,ham
1726,ham
1727,spam
1728,info
1729,spam
1730,info
1731,ham
1732,ham
1733,spam
1734,ham
1735,info
1736,spam
1737,info
1738,info
1739,ham
1740,info
1741,info
1742,spam
1743,ham
1744,ham
1745,spam
1746,ham
1747,info
1748,info
1749,ham
1750,info
1751,ham
1752,ham
1753,spam
1754,spam
1755,info
1756,spam
1757,info
1758,info
1759,info
1760,spam
1761,ham
1762,spam
1763,info
1764,ham
1765,info
1766,ham
1767,spam
1768,info
1769,spam
1770,ham
1771,ham
1772,info
1773,spam
1774,ham
1775,ham
1776,ham
1777,ham
1778,spam
1779,ham
1780,info
1781,ham
1782,spam
1783,spam
1784,ham
1785,spam
1786,info
1787,info
1788,spam
1789,ham
1790,ham
1791,ham
1792,spam
1793,info
1794,ham
1795,info
1796,info
1797,ham
1798,info
1799,ham
1800,spam
1801,ham
1802,ham
1803,ham
1804,spam
1805,info
1806,info
1807,ham
1808,ham
1809,info
1810,info
1811,ham
1812,info
1813,ham
1814,ham
1815,ham
1816,ham
1817,info
1818,info
1819,info
1820,ham
1821,ham
1822,spam
1823,ham
1824,ham
1825,info
1826,spam
1827,spam
1828,info
1829,spam
1830,ham
1831,info
1832,info
1833,ham
1834,info
1835,spam
1836,ham
1837,info
1838,spam
1839,ham
1840,ham
1841,info
1842,ham
1843,info
1844,spam
1845,spam
1846,info
1847,info
1848,info
1849,spam
1850,ham
1851,spam
1852,ham
1853,ham
1854,ham
1855,info
1856,ham
1857,info
1858,ham
1859,ham
1860,ham
1861,info
1862,info
1863,spam
1864,ham
1865,info
1866,ham
1867,ham
1868,ham
1869,info
1870,info
1871,spam
1872,ham
1873,ham
1874,info
1875,spam
1876,spam
1877,info
1878,info
1879,info
1880,ham
1881,spam
1882,ham
1883,info
1884,info
1885,info
1886,spam
1887,spam
1888,ham
1889,ham
1890,info
1891,info
1892,spam
1893,info
1894,info
1895,ham
1896,spam
1897,spam
1898,info
1899,spam
1900,spam
1901,info
1902,spam
1903,ham
1904,info
1905,info
1906,info
1907,info
1908,ham
1909,spam
1910,ham
1911,ham
1912,ham
1913,spam
1914,info
1915,info
1916,info
1917,ham
1918,info
1919,info
1920,spam
1921,spam
1922,ham
1923,ham
1924,info
1925,spam
1926,ham
1927,ham
1928,spam
1929,ham
1930,info
1931,info
1932,ham
1933,info
1934,spam
1935,info
1936,info
1937,info
1938,info
1939,info
1940,ham
1941,ham
1942,ham
1943,info
1944,info
1945,ham
1946,ham
1947,ham
1948,spam
1949,spam
1950,info
1951,ham
1952,ham
1953,info
1954,ham
1955,ham
1956,ham
1957,spam
1958,info
1959,info
1960,info
1961,ham
1962,spam
1963,info
1964,ham
1965,spam
1966,info
1967,ham
1968,spam
1969,info
1970,info
1971,ham
1972,info
1973,spam
1974,info
1975,spam
1976,info
1977,info
1978,spam
1979,spam
1980,ham
1981,spam
1982,info
1983,info
1984,spam
1985,info
1986,info
1987,ham
1988,info
1989,info
1990,spam
1991,info
1992,ham
1993,ham
1994,ham
1995,ham
1996,info
1997,ham
1998,ham
1999,info
2000,info
2001,spam
2002,info
2003,info
2004,info
2005,spam
2006,spam
2007,spam
2008,info
2009,ham
2010,info
2011,spam
2012,spam
2013,spam
2014,ham
2015,ham
2016,ham
2017,info
2018,spam
2019,ham
2020,info
2021,info
2022,spam
2023,ham
2024,spam
2025,info
2026,info
2027,spam
2028,ham
2029,info
2030,info
2031,info
2032,info
2033,info
2034,info
2035,spam
2036,ham
2037,ham
2038,ham
2039,spam
2040,info
2041,info
2042,ham
2043,info
2044,ham
2045,info
2046,ham
2047,info
2048,info
2049,info
2050,info
2051,spam
2052,info
2053,info
2054,ham
2055,info
2056,info
2057,ham
2058,ham
2059,info
2060,info
2061,info
2062,spam
2063,ham
2064,spam
2065,spam
2066,spam
2067,info
2068,info
2069,info
2070,info
2071,spam
2072,info
2073,info
2074,info
2075,info
2076,info
2077,info
2078,ham
2079,spam
2080,spam
2081,info
2082,info
2083,info
2084,ham
2085,info
2086,info
2087,info
2088,spam
2089,ham
2090,ham
2091,spam
2092,info
2093,ham
2094,spam
2095,spam
2096,ham
2097,info
2098,info
2099,spam
2100,info
2101,ham
2102,ham
2103,ham
2104,info
2105,spam
2106,info
2107,ham
2108,spam
2109,spam
2110,info
2111,spam
2112,spam
2113,ham
2114,info
2115,spam
2116,info
2117,ham
2118,ham
2119,ham
2120,info
2121,ham
2122,spam
2123,spam
2124,ham
2125,info
2126,spam
2127,info
2128,spam
2129,spam
2130,spam
2131,info
2132,info
2133,ham
2134,info
2135,ham
2136,ham
2137,ham
2138,info
2139,info
2140,info
2141,ham
2142,info
2143,ham
2144,ham
2145,info
2146,ham
2147,spam
2148,ham
2149,info
2150,info
2151,spam
2152,info
2153,info
2154,info
2155,ham
2156,ham
2157,spam
2158,info
2159,ham
2160,spam
2161,info
2162,info
2163,spam
2164,spam
2165,info
2166,spam
2167,info
2168,ham
2169,ham
2170,ham
2171,info
2172,info
2173,spam
2174,info
2175,info
2176,ham
2177,ham
2178,info
2179,info
2180,ham
2181,ham
2182,info
2183,spam
2184,spam
2185,ham
2186,ham
2187,ham
2188,spam
2189,spam
2190,info
2191,spam
2192,spam
2193,info
2194,info
2195,ham
2196,info
2197,spam
2198,ham
2199,ham
2200,spam
2201,info
2202,spam
2203,ham
2204,spam
2205,ham
2206,ham
2207,spam
2208,ham
2209,info
2210,info
2211,info
2212,info
2213,info
2214,spam
2215,ham
2216,info
2217,ham
2218,ham
2219,spam
2220,info
2221,info
2222,info
2223,spam
2224,ham
2225,spam
2226,info
2227,ham
2228,info
2229,info
2230,ham
2231,info
2232,info
2233,ham
2234,spam
2235,spam
2236,ham
2237,info
2238,info
2239,ham
2240,info
2241,ham
2242,ham
2243,info
2244,info
2245,info
2246,info
2247,ham
2248,spam
2249,spam
2250,spam
2251,spam
2252,info
2253,info
2254,info
2255,spam
2256,spam
2257,info
2258,info
2259,ham
2260,info
2261,info
2262,spam
2263,spam
2264,info
2265,ham
2266,info
2267,info
2268,info
2269,spam
2270,ham
2271,ham
2272,ham
2273,ham
2274,info
2275,ham
2276,ham
2277,info
2278,info
2279,info
2280,info
2281,ham
2282,spam
2283,spam
2284,info
2285,info
2286,info
2287,ham
2288,info
2289,info
2290,spam
2291,ham
2292,ham
2293,ham
2294,info
2295,ham
2296,spam
2297,ham
2298,spam
2299,ham
2300,spam
2301,info
2302,spam
2303,info
2304,ham
2305,info
2306,info
2307,ham
2308,ham
2309,info
2310,info
2311,ham
2312,spam
2313,info
2314,info
2315,info
2316,ham
2317,spam
2318,info
2319,info
2320,ham
2321,ham
2322,ham
2323,info
2324,info
2325,spam
2326,spam
2327,ham
2328,info
2329,info
2330,info
2331,spam
2332,ham
2333,info
2334,info
2335,ham
2336,spam
2337,info
2338,ham
2339,info
2340,ham
2341,ham
2342,info
2343,ham
2344,info
2345,ham
2346,info
2347,spam
2348,spam
2349,ham
2350,info
2351,spam
2352,ham
2353,info
2354,info
2355,ham
2356,ham
2357,ham
2358,spam
2359,spam
2360,spam
2361,spam
2362,ham
2363,ham
2364,info
2365,ham
2366,ham
2367,spam
2368,info
2369,info
2370,info
2371,ham
2372,ham
2373,spam
2374,ham
2375,spam
2376,spam
2377,ham
2378,info
2379,info
2380,spam
2381,spam
2382,info
2383,ham
2384,info
2385,spam
2386,ham
2387,ham
2388,info
2389,spam
2390,spam
2391,ham
2392,spam
2393,spam
2394,info
2395,spam
2396,spam
2397,info
2398,info
2399,ham
2400,spam
2401,ham
2402,info
2403,ham
2404,ham
2405,info
2406,ham
2407,ham
2408,info
2409,spam
2410,spam
2411,spam
2412,spam
2413,ham
2414,spam
2415,info
2416,info
2417,info
2418,info
2419,spam
2420,spam
2421,spam
2422,info
2423,info
2424,spam
2425,info
2426,info
2427,info
2428,ham
2429,ham
2430,spam
2431,ham
2432,info
2433,ham
2434,info
2435,ham
2436,info
2437,info
2438,info
2439,ham
2440,spam
2441,info
2442,info
2443,spam
2444,info
2445,spam
2446,info
2447,info
2448,ham
2449,ham
2450,ham
2451,info
2452,ham
2453,spam
2454,info
2455,info
2456,ham
2457,spam
2458,ham
2459,info
2460,spam
2461,ham
2462,info
2463,info
2464,info
2465,info
2466,ham
2467,ham
2468,info
2469,spam
2470,info
2471,ham
2472,spam
2473,ham
2474,ham
2475,spam
2476,ham
2477,info
2478,spam
2479,spam
2480,ham
2481,info
2482,info
2483,info
2484,ham
2485,spam
2486,spam
2487,info
2488,info
2489,info
2490,info
2491,info
2492,info
2493,ham
2494,ham
2495,info
2496,info
2497,spam
2498,spam
2499,info
2500,ham
2501,info
2502,ham
2503,spam
2504,info
2505,ham
2506,ham
2507,info
2508,info
2509,info
2510,spam
2511,ham
2512,info
2513,ham
2514,info
2515,ham
2516,ham
2517,ham
2518,spam
2519,spam
2520,info
2521,spam
2522,info
2523,ham
2524,info
2525,info
2526,spam
2527,info
2528,ham
2529,spam
2530,spam
2531,spam
2532,spam
2533,spam
2534,info
2535,ham
2536,info
2537,ham
2538,info
2539,info
2540,spam
2541,ham
2542,info
2543,spam
2544,spam
2545,ham
2546,info
2547,info
2548,info
2549,spam
2550,ham
2551,spam
2552,spam
2553,info
2554,info
2555,info
2556,ham
2557,ham
2558,spam
2559,ham
2560,spam
2561,spam
2562,ham
2563,spam
2564,ham
2565,info
2566,info
2567,info
2568,ham
2569,info
2570,ham
2571,spam
2572,ham
2573,ham
2574,ham
2575,spam
2576,info
2577,info
2578,info
2579,ham
2580,info
2581,ham
2582,ham
2583,ham
2584,spam
2585,info
2586,ham
2587,info
2588,spam
2589,ham
2590,info
2591,spam
2592,info
2593,spam
2594,info
2595,spam
2596,ham
2597,info
2598,ham
2599,ham
2600,info
2601,info
2602,spam
2603,ham
2604,info
2605,info
2606,ham
2607,info
2608,info
2609,info
2610,info
2611,ham
2612,ham
2613,spam
2614,info
2615,spam
2616,ham
2617,spam
2618,info
2619,spam
2620,info
2621,ham
2622,spam
2623,spam
2624,spam
2625,ham
2626,info
2627,info
2628,info
2629,info
2630,spam
2631,ham
2632,ham
2633,ham
2634,spam
2635,ham
2636,ham
2637,spam
2638,spam
2639,ham
2640,info
2641,spam
2642,info
2643,ham
2644,info
2645,info
2646,spam
2647,spam
2648,ham
2649,ham
2650,spam
2651,ham
2652,info
2653,ham
2654,info
2655,ham
2656,info
2657,ham
2658,info
2659,info
2660,spam
2661,info
2662,spam
2663,info
2664,info
2665,spam
2666,ham
2667,info
2668,info
2669,spam
2670,ham
2671,ham
2672,info
2673,spam
2674,info
2675,ham
2676,ham
2677,ham
2678,info
2679,spam
2680,spam
2681,ham
2682,info
2683,spam
2684,ham
2685,ham
2686,spam
2687,spam
2688,ham
2689,info
2690,ham
2691,info
2692,ham
2693,info
2694,spam
2695,ham
2696,ham
2697,info
2698,info
2699,ham
2700,ham
2701,ham
2702,info
2703,info
2704,spam
2705,info
2706,ham
2707,info
2708,info
2709,info
2710,ham
2711,ham
2712,ham
2713,ham
2714,ham
2715,ham
2716,spam
2717,info
2718,ham
2719,spam
2720,spam
2721,info
2722,spam
2723,spam
2724,ham
2725,ham
2726,spam
2727,info
2728,info
2729,ham
2730,ham
2731,ham
2732,info
2733,spam
2734,spam
2735,spam
2736,info
2737,ham
2738,spam
2739,spam
2740,info
2741,info
2742,info
2743,ham
2744,ham
2745,info
2746,info
2747,spam
2748,info
2749,ham
2750,spam
2751,ham
2752,spam
2753,ham
2754,spam
2755,info
2756,info
2757,ham
2758,info
2759,info
2760,info
2761,spam
2762,info
2763,spam
2764,spam
2765,spam
2766,info
2767,info
2768,spam
2769,info
2770,info
2771,ham
2772,info
2773,ham
2774,spam
2775,info
2776,ham
2777,info
2778,ham
2779,ham
2780,ham
2781,ham
2782,info
2783,info
2784,info
2785,ham
2786,info
2787,ham
2788,spam
2789,spam
2790,spam
2791,info
2792,spam
2793,spam
2794,spam
2795,spam
2796,ham
2797,info
2798,info
2799,info
2800,ham
2801,ham
2802,spam
2803,spam
2804,spam
2805,ham
2806,info
2807,info
2808,ham
2809,ham
2810,spam
2811,ham
2812,info
2813,ham
2814,ham
2815,ham
2816,ham
2817,ham
2818,info
2819,spam
2820,info
2821,info
2822,info
2823,ham
2824,spam
2825,ham
2826,spam
2827,ham
2828,ham
2829,info
2830,spam
2831,info
2832,info
2833,spam
2834,ham
2835,info
2836,ham
2837,ham
2838,spam
2839,ham
2840,spam
2841,info
2842,info
2843,info
2844,ham
2845,info
2846,spam
2847,info
2848,spam
2849,info
2850,ham
2851,spam
2852,spam
2853,info
2854,spam
2855,spam
2856,spam
2857,info
2858,info
2859,spam
2860,spam
2861,spam
2862,spam
2863,info
2864,ham
2865,info
2866,info
2867,info
2868,ham
2869,info
2870,ham
2871,ham
2872,ham
2873,info
2874,ham
2875,ham
2876,info
2877,ham
2878,info
2879,info
2880,ham
2881,spam
2882,info
2883,info
2884,spam
2885,ham
2886,ham
2887,info
2888,spam
2889,spam
2890,ham
2891,info
2892,ham
2893,ham
2894,info
2895,ham
2896,ham
2897,info
2898,info
2899,info
2900,info
2901,ham
2902,spam
2903,info
2904,spam
2905,ham
2906,ham
2907,info
2908,spam
2909,spam
2910,info
2911,ham
2912,info
2913,info
2914,info
2915,info
2916,ham
2917,info
2918,info
2919,ham
2920,ham
2921,info
2922,spam
2923,ham
2924,ham
2925,info
2926,info
2927,spam
2928,spam
2929,ham
2930,ham
2931,ham
2932,ham
2933,spam
2934,spam
2935,info
2936,ham
2937,spam
2938,info
2939,ham
2940,info
2941,info
2942,spam
2943,ham
2944,ham
2945,ham
2946,spam
2947,info
2948,info
2949,ham
2950,info
2951,spam
2952,info
2953,info
2954,info
2955,info
2956,info
2957,info
2958,spam
2959,spam
2960,info
2961,spam
2962,info
2963,ham
2964,info
2965,spam
2966,ham
2967,info
2968,spam
2969,info
2970,info
2971,ham
2972,ham
2973,spam
2974,ham
2975,ham
2976,info
2977,ham
2978,ham
2979,spam
2980,info
2981,ham
2982,ham
2983,info
2984,info
2985,ham
2986,spam
2987,ham
2988,info
2989,ham
2990,info
2991,ham
2992,info
2993,spam
2994,spam
2995,ham
2996,info
2997,ham
2998,ham
2999,ham
3000,info
3001,spam
3002,info
3003,ham
3004,ham
3005,ham
3006,info
3007,ham
3008,info
3009,info
3010,spam
3011,ham
3012,info
3013,info
3014,info
3015,ham
3016,spam
3017,ham
3018,info
3019,ham
3020,spam
3021,info
3022,info
3023,ham
3024,ham
3025,spam
3026,spam
3027,info
3028,spam
3029,spam
3030,info
3031,info
3032,info
3033,info
3034,ham
3035,info
3036,ham
3037,info
3038,spam
3039,ham
3040,info
3041,ham
3042,ham
3043,ham
3044,spam
3045,spam
3046,info
3047,info
3048,spam
3049,spam
3050,ham
3051,spam
3052,info
3053,spam
3054,info
3055,info
3056,ham
3057,info
3058,ham
3059,ham
3060,info
3061,info
3062,spam
3063,info
3064,ham
3065,spam
3066,spam
3067,info
3068,ham
3069,info
3070,spam
3071,info
3072,ham
3073,spam
3074,info
3075,spam
3076,spam
3077,ham
3078,ham
3079,ham
3080,info
3081,spam
3082,spam
3083,info
3084,info
3085,spam
3086,spam
3087,spam
3088,spam
3089,info
3090,ham
3091,info
3092,spam
3093,info
3094,ham
3095,info
3096,ham
3097,ham
3098,ham
3099,spam
3100,info
3101,ham
3102,info
3103,spam
3104,info
3105,ham
3106,ham
3107,ham
3108,spam
3109,spam
3110,info
3111,info
3112,ham
3113,info
3114,ham
3115,info
3116,spam
3117,ham
3118,info
3119,info
3120,ham
3121,ham
3122,info
3123,info
3124,ham
3125,ham
3126,info
3127,ham
3128,ham
3129,spam
3130,info
3131,spam
3132,ham
3133,info
3134,spam
3135,info
3136,ham
3137,spam
3138,ham
3139,info
3140,spam
3141,info
3142,spam
3143,info
3144,spam
3145,ham
3146,ham
3147,ham
3148,info
3149,info
3150,ham
3151,ham
3152,ham
3153,ham
3154,spam
3155,info
3156,ham
3157,ham
3158,ham
3159,info
3160,ham
3161,spam
3162,spam
3163,ham
3164,info
3165,ham
3166,spam
3167,info
3168,spam
3169,spam
3170,spam
3171,spam
3172,info
3173,ham
3174,spam
3175,info
3176,ham
3177,spam
3178,ham
3179,info
3180,spam
3181,info
3182,info
3183,info
3184,info
3185,ham
3186,info
3187,spam
3188,ham
3189,spam
3190,info
3191,info
3192,spam
3193,ham
3194,ham
3195,info
3196,info
3197,ham
3198,spam
3199,info
3200,info
3201,spam
3202,spam
3203,ham
3204,info
3205,ham
3206,ham
3207,info
3208,ham
3209,info
3210,info
3211,info
3212,ham
3213,info
3214,info
3215,spam
3216,info
3217,spam
3218,spam
3219,ham
3220,spam
3221,ham
3222,spam
3223,ham
3224,spam
3225,info
3226,spam
3227,info
3228,ham
3229,spam
3230,spam
3231,info
3232,spam
3233,info
3234,ham
3235,ham
3236,info
3237,spam
3238,info
3239,spam
3240,ham
3241,spam
3242,ham
3243,ham
3244,info
3245,ham
3246,spam
3247,ham
3248,ham
3249,ham
3250,spam
3251,info
3252,ham
3253,info
3254,spam
3255,spam
3256,info
3257,info
3258,spam
3259,ham
3260,ham
3261,info
3262,ham
3263,info
3264,info
3265,ham
3266,ham
3267,info
3268,info
3269,info
3270,ham
3271,spam
3272,info
3273,info
3274,spam
3275,info
3276,ham
3277,spam
3278,info
3279,info
3280,spam
3281,spam
3282,ham
3283,spam
3284,ham
3285,ham
3286,ham
3287,spam
3288,spam
3289,ham
3290,spam
3291,info
3292,spam
3293,ham
3294,ham
3295,ham
3296,info
3297,info
3298,ham
3299,info
3300,spam
3301,spam
3302,ham
3303,info
3304,ham
3305,ham
3306,ham
3307,ham
3308,spam
3309,spam
3310,ham
3311,info
3312,ham
3313,info
3314,ham
3315,ham
3316,info
3317,info
3318,ham
3319,info
3320,info
3321,info
3322,spam
3323,info
3324,spam
3325,info
3326,ham
3327,info
3328,ham
3329,ham
3330,ham
3331,spam
3332,spam
3333,info
3334,spam
3335,ham
3336,info
3337,ham
3338,info
3339,spam
3340,info
3341,ham
3342,spam
3343,ham
3344,spam
3345,info
3346,ham
3347,spam
3348,info
3349,spam
3350,info
3351,spam
3352,ham
3353,spam
3354,ham
3355,info
3356,info
3357,info
3358,spam
3359,info
3360,spam
3361,info
3362,ham
3363,spam
3364,info
3365,info
3366,info
3367,info
3368,spam
3369,ham
3370,info
3371,spam
3372,info
3373,info
3374,spam
3375,ham
3376,ham
3377,ham
3378,spam
3379,spam
3380,ham
3381,ham
3382,info
3383,info
3384,info
3385,info
3386,info
3387,ham
3388,ham
3389,info
3390,info
3391,info
3392,info
3393,info
3394,ham
3395,info
3396,info
3397,info
3398,ham
3399,ham
3400,info
3401,spam
3402,info
3403,spam
3404,ham
3405,info
3406,ham
3407,ham
3408,ham
3409,spam
3410,spam
3411,ham
3412,info
3413,info
3414,info
3415,ham
3416,spam
3417,info
3418,ham
3419,ham
3420,spam
3421,info
3422,info
3423,info
3424,info
3425,ham
3426,info
3427,info
3428,info
3429,info
3430,info
3431,ham
3432,spam
3433,info
3434,ham
3435,info
3436,info
3437,ham
3438,info
3439,info
3440,info
3441,spam
3442,spam
3443,info
3444,spam
3445,ham
3446,info
3447,ham
3448,spam
3449,spam
3450,info
3451,info
3452,spam
3453,info
3454,spam
3455,info
3456,spam
3457,ham
3458,ham
3459,info
3460,info
3461,ham
3462,spam
3463,info
3464,info
3465,ham
3466,ham
3467,ham
3468,ham
3469,ham
3470,info
3471,info
3472,info
3473,info
3474,ham
3475,spam
3476,ham
3477,spam
3478,info
3479,ham
3480,ham
3481,info
3482,spam
3483,ham
3484,info
3485,ham
3486,info
3487,ham
3488,ham
3489,spam
3490,info
3491,info
3492,info
3493,info
3494,info
3495,info
3496,ham
3497,info
3498,info
3499,ham
3500,info
3501,info
3502,info
3503,info
3504,info
3505,spam
3506,info
3507,info
3508,info
3509,spam
3510,ham
3511,info
3512,spam
3513,ham
3514,ham
3515,ham
3516,spam
3517,info
3518,info
3519,ham
3520,info
3521,ham
3522,info
3523,ham
3524,ham
3525,spam
3526,spam
3527,ham
3528,spam
3529,ham
3530,info
3531,spam
3532,ham
3533,info
3534,info
3535,info
3536,ham
3537,info
3538,info
3539,spam
3540,info
3541,spam
3542,ham
3543,info
3544,info
3545,ham
3546,spam
3547,spam
3548,info
3549,spam
3550,info
3551,spam
3552,info
3553,spam
3554,info
3555,info
3556,spam
3557,spam
3558,info
3559,ham
3560,ham
3561,spam
3562,ham
3563,ham
3564,info
3565,spam
3566,ham
3567,ham
3568,ham
3569,spam
3570,info
3571,spam
3572,info
3573,ham
3574,info
3575,ham
3576,spam
3577,info
3578,ham
3579,ham
3580,spam
3581,spam
3582,spam
3583,info
3584,ham
3585,ham
3586,ham
3587,ham
3588,spam
3589,info
3590,ham
3591,spam
3592,ham
3593,info
3594,ham
3595,spam
3596,ham
3597,info
3598,info
3599,ham
3600,spam
3601,info
3602,info
3603,spam
3604,info
3605,ham
3606,ham
3607,info
3608,info
3609,spam
3610,ham
3611,ham
3612,ham
3613,spam
3614,info
3615,ham
3616,spam
3617,ham
3618,spam
3619,spam
3620,ham
3621,info
3622,info
3623,spam
3624,spam
3625,ham
3626,spam
3627,info
3628,ham
3629,info
3630,info
3631,spam
3632,ham
3633,ham
3634,spam
3635,spam
3636,ham
3637,spam
3638,ham
3639,info
3640,info
3641,ham
3642,ham
3643,spam
3644,info
3645,info
3646,info
3647,info
3648,spam
3649,ham
3650,info
3651,info
3652,info
3653,info
3654,ham
3655,info
3656,spam
3657,info
3658,spam
3659,spam
3660,ham
3661,spam
3662,spam
3663,spam
3664,ham
3665,ham
3666,info
3667,info
3668,info
3669,info
3670,spam
3671,info
3672,info
3673,spam
3674,ham
3675,ham
3676,info
3677,info
3678,ham
3679,info
3680,ham
3681,ham
3682,spam
3683,ham
3684,ham
3685,info
3686,ham
3687,ham
3688,info
3689,info
3690,ham
3691,info
3692,info
3693,info
3694,info
3695,info
3696,info
3697,info
3698,info
3699,ham
3700,ham
3701,info
3702,ham
3703,spam
3704,info
3705,spam
3706,info
3707,info
3708,ham
3709,info
3710,info
3711,info
3712,ham
3713,info
3714,ham
3715,info
3716,spam
3717,spam
3718,info
3719,ham
3720,spam
3721,info
3722,ham
3723,spam
3724,info
3725,info
3726,ham
3727,info
3728,spam
3729,ham
3730,ham
3731,ham
3732,info
3733,ham
3734,ham
3735,info
3736,ham
3737,info
3738,ham
3739,ham
3740,info
3741,ham
3742,ham
3743,info
3744,ham
3745,ham
3746,spam
3747,ham
3748,spam
3749,info
3750,spam
3751,spam
3752,ham
3753,ham
3754,ham
3755,info
3756,ham
3757,info
3758,ham
3759,ham
3760,info
3761,spam
3762,ham
3763,info
3764,info
3765,info
3766,ham
3767,info
3768,spam
3769,info
3770,ham
3771,info
3772,ham
3773,spam
3774,spam
3775,spam
3776,info
3777,info
3778,info
3779,info
3780,info
3781,spam
3782,spam
3783,info
3784,spam
3785,ham
3786,spam
3787,ham
3788,info
3789,ham
3790,ham
3791,info
3792,info
3793,info
3794,info
3795,ham
3796,ham
3797,info
3798,ham
3799,spam
3800,info
3801,info
3802,ham
3803,ham
3804,info
3805,spam
3806,info
3807,info
3808,info
3809,info
3810,info
3811,spam
3812,info
3813,spam
3814,ham
3815,ham
3816,spam
3817,ham
3818,ham
3819,info
3820,info
3821,ham
3822,ham
3823,ham
3824,spam
3825,spam
3826,ham
3827,spam
3828,ham
3829,ham
3830,ham
3831,ham
3832,ham
3833,ham
3834,spam
3835,spam
3836,spam
3837,info
3838,ham
3839,spam
3840,info
3841,info
3842,spam
3843,spam
3844,ham
3845,ham
3846,ham
3847,info
3848,ham
3849,spam
3850,ham
3851,ham
3852,info
3853,ham
3854,ham
3855,info
3856,info
3857,ham
3858,ham
3859,ham
3860,spam
3861,info
3862,spam
3863,ham
3864,info
3865,spam
3866,info
3867,spam
3868,info
3869,spam
3870,spam
3871,ham
3872,spam
3873,spam
3874,info
3875,ham
3876,info
3877,info
3878,info
3879,info
3880,ham
3881,ham
3882,info
3883,spam
3884,ham
3885,ham
3886,spam
3887,ham
3888,ham
3889,ham
3890,spam
3891,ham
3892,info
3893,info
3894,ham
3895,ham
3896,ham
3897,info
3898,info
3899,ham
3900,ham
3901,info
3902,ham
3903,ham
3904,ham
3905,spam
3906,spam
3907,ham
3908,info
3909,info
3910,info
3911,spam
3912,ham
3913,ham
3914,info
3915,info
3916,info
3917,info
3918,ham
3919,info
3920,ham
3921,info
3922,info
3923,info
3924,ham
3925,info
3926,info
3927,info
3928,spam
3929,info
3930,ham
3931,spam
3932,spam
3933,spam
3934,info
3935,info
3936,spam
3937,info
3938,ham
3939,info
3940,info
3941,info
3942,spam
3943,info
3944,spam
3945,ham
3946,info
3947,ham
3948,ham
3949,info
3950,ham
3951,info
3952,spam
3953,info
3954,info
3955,info
3956,ham
3957,spam
3958,ham
3959,ham
3960,ham
3961,ham
3962,info
3963,ham
3964,info
3965,spam
3966,info
3967,info
3968,info
3969,info
3970,spam
3971,info
3972,info
3973,ham
3974,info
3975,info
3976,info
3977,info
3978,info
3979,ham
3980,spam
3981,spam
3982,info
3983,ham
3984,info
3985,info
3986,ham
3987,ham
3988,info
3989,spam
3990,spam
3991,ham
3992,spam
3993,info
3994,spam
3995,spam
3996,ham
3997,ham
3998,ham
3999,spam
4000,ham
4001,info
4002,ham
4003,ham
4004,ham
4005,info
4006,info
4007,info
4008,info
4009,info
4010,spam
4011,info
4012,ham
4013,info
4014,ham
4015,ham
4016,spam
4017,info
4018,info
4019,info
4020,ham
4021,info
4022,spam
4023,info
4024,ham
4025,info
4026,info
4027,spam
4028,spam
4029,info
4030,spam
4031,info
4032,ham
4033,ham
4034,ham
4035,spam
4036,ham
4037,ham
4038,info
4039,info
4040,info
4041,spam
4042,ham
4043,info
4044,info
4045,ham
4046,ham
4047,ham
4048,info
4049,info
4050,ham
4051,ham
4052,info
4053,ham
4054,spam
4055,ham
4056,ham
4057,ham
4058,info
4059,spam
4060,spam
4061,info
4062,spam
4063,ham
4064,ham
4065,info
4066,info
4067,ham
4068,info
4069,ham
4070,info
4071,ham
4072,info
4073,ham
4074,spam
4075,ham
4076,ham
4077,info
4078,info
4079,info
4080,ham
4081,info
4082,info
4083,info
4084,ham
4085,spam
4086,info
4087,ham
4088,spam
4089,ham
4090,info
4091,info
4092,ham
4093,ham
4094,info
4095,spam
4096,spam
4097,spam
4098,ham
4099,info
4100,info
4101,ham
4102,info
4103,spam
4104,info
4105,ham
4106,ham
4107,spam
4108,info
4109,info
4110,ham
4111,info
4112,info
4113,info
4114,ham
4115,spam
4116,info
4117,info
4118,ham
4119,info
4120,ham
4121,info
4122,ham
4123,info
4124,ham
4125,info
4126,spam
4127,ham
4128,ham
4129,info
4130,ham
4131,ham
4132,info
4133,ham
4134,info
4135,spam
4136,info
4137,info
4138,ham
4139,info
4140,spam
4141,ham
4142,info
4143,ham
4144,info
4145,spam
4146,info
4147,spam
4148,ham
4149,spam
4150,info
4151,spam
4152,spam
4153,ham
4154,ham
4155,info
4156,ham
4157,ham
4158,info
4159,info
4160,ham
4161,ham
4162,spam
4163,ham
4164,ham
4165,ham
4166,ham
4167,info
4168,ham
4169,info
4170,spam
4171,spam
4172,info
4173,ham
4174,ham
4175,spam
4176,spam
4177,info
4178,info
4179,ham
4180,spam
4181,ham
4182,ham
4183,spam
4184,ham
4185,spam
4186,spam
4187,ham
4188,info
4189,ham
4190,spam
4191,ham
4192,ham
4193,ham
4194,spam
4195,ham
4196,info
4197,spam
4198,info
4199,spam
4200,ham
4201,spam
4202,spam
4203,spam
4204,info
4205,info
4206,spam
4207,ham
4208,ham
4209,ham
4210,info
4211,info
4212,spam
4213,info
4214,info
4215,ham
4216,info
4217,ham
4218,ham
4219,info
4220,ham
4221,info
4222,info
4223,ham
4224,ham
4225,spam
4226,ham
4227,spam
4228,info
4229,info
4230,ham
4231,ham
4232,info
4233,spam
4234,info
4235,ham
4236,spam
4237,spam
4238,ham
4239,info
4240,spam
4241,ham
4242,info
4243,spam
4244,ham
4245,info
4246,ham
4247,info
4248,info
4249,spam
4250,spam
4251,spam
4252,spam
4253,spam
4254,info
4255,info
4256,info
4257,spam
4258,info
4259,info
4260,info
4261,spam
4262,info
4263,ham
4264,info
4265,ham
4266,ham
4267,spam
4268,ham
4269,spam
4270,info
4271,ham
4272,info
4273,ham
4274,ham
4275,ham
4276,spam
4277,spam
4278,ham
4279,spam
4280,info
4281,info
4282,spam
4283,ham
4284,info
4285,info
4286,info
4287,info
4288,ham
4289,info
4290,ham
4291,ham
4292,ham
4293,info
4294,ham
4295,spam
4296,info
4297,info
4298,spam
4299,spam
4300,ham
4301,info
4302,ham
4303,info
4304,ham
4305,info
4306,info
4307,info
4308,ham
4309,spam
4310,ham
4311,spam
4312,ham
4313,ham
4314,ham
4315,spam
4316,spam
4317,ham
4318,info
4319,info
4320,spam
4321,info
4322,info
4323,spam
4324,spam
4325,ham
4326,spam
4327,ham
4328,info
4329,spam
4330,info
4331,info
4332,info
4333,ham
4334,spam
4335,spam
4336,ham
4337,info
4338,ham
4339,spam
4340,ham
4341,ham
4342,info
4343,ham
4344,info
4345,ham
4346,ham
4347,spam
4348,info
4349,info
4350,spam
4351,spam
4352,info
4353,ham
4354,ham
4355,info
4356,ham
4357,info
4358,info
4359,info
4360,ham
4361,ham
4362,info
4363,ham
4364,spam
4365,info
4366,ham
4367,ham
4368,spam
4369,spam
4370,spam
4371,info
4372,ham
4373,ham
4374,spam
4375,ham
4376,ham
4377,info
4378,spam
4379,ham
4380,info
4381,ham
4382,info
4383,info
4384,ham
4385,info
4386,info
4387,info
4388,info
4389,info
4390,ham
4391,ham
4392,ham
4393,spam
4394,spam
4395,spam
4396,info
4397,spam
4398,ham
4399,info
4400,info
4401,ham
4402,ham
4403,spam
4404,info
4405,ham
4406,spam
4407,ham
4408,info
4409,spam
4410,spam
4411,ham
4412,ham
4413,spam
4414,info
4415,spam
4416,info
4417,ham
4418,ham
4419,info
4420,ham
4421,spam
4422,spam
4423,spam
4424,ham
4425,ham
4426,info
4427,info
4428,info
4429,ham
4430,info
4431,ham
4432,spam
4433,info
4434,ham
4435,spam
4436,info
4437,ham
4438,info
4439,spam
4440,ham
4441,ham
4442,ham
4443,info
4444,info
4445,ham
4446,info
4447,spam
4448,spam
4449,ham
4450,ham
4451,ham
4452,info
4453,info
4454,info
4455,info
4456,spam
4457,info
4458,info
4459,ham
4460,ham
4461,ham
4462,ham
4463,ham
4464,ham
4465,ham
4466,ham
4467,info
4468,ham
4469,info
4470,info
4471,ham
4472,spam
4473,info
4474,spam
4475,spam
4476,info
4477,info
4478,ham
4479,info
4480,info
4481,ham
4482,ham
4483,ham
4484,spam
4485,info
4486,info
4487,spam
4488,info
4489,info
4490,info
4491,info
4492,info
4493,ham
4494,info
4495,ham
4496,spam
4497,info
4498,ham
4499,info
4500,ham
4501,ham
4502,info
4503,spam
4504,spam
4505,ham
4506,spam
4507,info
4508,ham
4509,info
4510,info
4511,info
4512,info
4513,ham
4514,info
4515,ham
4516,info
4517,spam
4518,ham
4519,info
4520,spam
4521,info
4522,spam
4523,spam
4524,ham
4525,spam
4526,ham
4527,spam
4528,ham
4529,info
4530,ham
4531,info
4532,ham
4533,spam
4534,info
4535,ham
4536,spam
4537,spam
4538,info
4539,ham
4540,ham
4541,spam
4542,info
4543,ham
4544,ham
4545,ham
4546,info
4547,ham
4548,spam
4549,info
4550,ham
4551,spam
4552,ham
4553,ham
4554,info
4555,info
4556,info
4557,spam
4558,spam
4559,info
4560,spam
4561,info
4562,spam
4563,ham
4564,info
4565,info
4566,info
4567,ham
4568,ham
4569,info
4570,info
4571,info
4572,ham
4573,spam
4574,ham
4575,spam
4576,ham
4577,spam
4578,spam
4579,ham
4580,info
4581,spam
4582,info
4583,info
4584,info
4585,ham
4586,ham
4587,info
4588,ham
4589,spam
4590,ham
4591,spam
4592,ham
4593,info
4594,info
4595,ham
4596,spam
4597,spam
4598,spam
4599,ham
4600,spam
4601,info
4602,spam
4603,info
4604,info
4605,ham
4606,spam
4607,spam
4608,ham
4609,spam
4610,ham
4611,info
4612,ham
4613,ham
4614,ham
4615,spam
4616,info
4617,ham
4618,spam
4619,info
4620,ham
4621,ham
4622,spam
4623,ham
4624,info
4625,ham
4626,info
4627,info
4628,ham
4629,spam
4630,ham
4631,spam
4632,spam
4633,info
4634,spam
4635,info
4636,ham
4637,ham
4638,ham
4639,ham
4640,spam
4641,spam
4642,info
4643,info
4644,spam
4645,spam
4646,ham
4647,spam
4648,info
4649,ham
4650,ham
4651,ham
4652,spam
4653,ham
4654,ham
4655,info
4656,ham
4657,spam
4658,ham
4659,info
4660,info
4661,info
4662,spam
4663,info
4664,spam
4665,info
4666,spam
4667,info
4668,ham
4669,spam
4670,info
4671,spam
4672,ham
4673,info
4674,ham
4675,spam
4676,info
4677,spam
4678,ham
4679,spam
4680,spam
4681,info
4682,ham
4683,info
4684,info
4685,spam
4686,spam
4687,info
4688,info
4689,info
4690,ham
4691,info
4692,info
4693,info
4694,info
4695,info
4696,info
4697,spam
4698,info
4699,info
4700,ham
4701,info
4702,info
4703,info
4704,spam
4705,spam
4706,spam
4707,info
4708,spam
4709,ham
4710,ham
4711,info
4712,ham
4713,ham
4714,ham
4715,ham
4716,info
4717,spam
4718,ham
4719,ham
4720,ham
4721,info
4722,ham
4723,info
4724,info
4725,info
4726,info
4727,info
4728,info
4729,info
4730,ham
4731,ham
4732,info
4733,ham
4734,info
4735,ham
4736,ham
4737,spam
4738,spam
4739,spam
4740,spam
4741,info
4742,info
4743,ham
4744,ham
4745,info
4746,ham
4747,spam
4748,info
4749,ham
4750,info
4751,spam
4752,spam
4753,ham
4754,info
4755,ham
4756,ham
4757,ham
4758,info
4759,ham
4760,ham
4761,spam
4762,spam
4763,info
4764,ham
4765,info
4766,info
4767,ham
4768,info
4769,info
4770,ham
4771,info
4772,ham
4773,ham
4774,ham
4775,info
4776,info
4777,info
4778,info
4779,info
4780,spam
4781,spam
4782,ham
4783,ham
4784,ham
4785,info
4786,ham
4787,info
4788,spam
4789,info
4790,ham
4791,info
4792,info
4793,ham
4794,info
4795,ham
4796,ham
4797,spam
4798,info
4799,info
4800,info
4801,info
4802,info
4803,info
4804,spam
4805,ham
4806,spam
4807,info
4808,ham
4809,info
4810,spam
4811,ham
4812,ham
4813,info
4814,ham
4815,spam
4816,info
4817,info
4818,info
4819,info
4820,ham
4821,spam
4822,spam
4823,info
4824,spam
4825,spam
4826,info
4827,spam
4828,info
4829,ham
4830,spam
4831,info
4832,info
4833,info
4834,spam
4835,spam
4836,spam
4837,info
4838,ham
4839,ham
4840,info
4841,ham
4842,info
4843,spam
4844,spam
4845,info
4846,ham
4847,ham
4848,spam
4849,spam
4850,spam
4851,spam
4852,ham
4853,ham
4854,info
4855,info
4856,info
4857,spam
4858,info
4859,ham
4860,ham
4861,info
4862,spam
4863,info
4864,info
4865,spam
4866,spam
4867,info
4868,info
4869,ham
4870,spam
4871,ham
4872,ham
4873,info
4874,info
4875,spam
4876,info
4877,spam
4878,ham
4879,spam
4880,ham
4881,ham
4882,info
4883,info
4884,info
4885,ham
4886,info
4887,spam
4888,spam
4889,spam
4890,ham
4891,ham
4892,ham
4893,ham
4894,ham
4895,info
4896,ham
4897,ham
4898,info
4899,ham
4900,spam
4901,info
4902,info
4903,spam
4904,info
4905,spam
4906,info
4907,spam
4908,ham
4909,spam
4910,spam
4911,ham
4912,spam
4913,info
4914,spam
4915,info
4916,spam
4917,info
4918,ham
4919,spam
4920,spam
4921,info
4922,ham
4923,info
4924,info
4925,spam
4926,info
4927,info
4928,ham
4929,info
4930,ham
4931,spam
4932,info
4933,ham
4934,ham
4935,info
4936,ham
4937,spam
4938,ham
4939,info
4940,ham
4941,info
4942,spam
4943,spam
4944,spam
4945,info
4946,spam
4947,spam
4948,info
4949,info
4950,info
4951,ham
4952,ham
4953,ham
4954,spam
4955,ham
4956,info
4957,info
4958,info
4959,spam
4960,info
4961,info
4962,ham
4963,spam
4964,spam
4965,info
4966,info
4967,spam
4968,info
4969,spam
4970,info
4971,ham
4972,ham
4973,ham
4974,info
4975,ham
4976,info
4977,ham
4978,info
4979,spam
4980,ham
4981,info
4982,spam
4983,info
4984,ham
4985,ham
4986,info
4987,spam
4988,info
4989,spam
4990,info
4991,spam
4992,ham
4993,info
4994,info
4995,info
4996,info
4997,info
4998,spam
4999,spam
5000,spam
5001,info
5002,ham
5003,ham
5004,ham
5005,ham
5006,info
5007,info
5008,ham
5009,info
5010,spam
5011,info
5012,info
5013,spam
5014,ham
5015,spam
5016,info
5017,spam
5018,ham
5019,info
5020,spam
5021,info
5022,ham
5023,ham
5024,spam
5025,info
5026,info
5027,info
5028,info
5029,ham
5030,info
5031,info
5032,info
5033,info
5034,info
5035,info
5036,info
5037,info
5038,info
5039,spam
5040,info
5041,ham
5042,ham
5043,ham
5044,ham
5045,ham
5046,ham
5047,ham
5048,info
5049,info
5050,info
5051,ham
5052,ham
5053,ham
5054,info
5055,info
5056,ham
5057,spam
5058,info
5059,info
5060,info
5061,ham
5062,info
5063,info
5064,info
5065,ham
5066,spam
5067,info
5068,info
5069,info
5070,ham
5071,info
5072,ham
5073,info
5074,spam
5075,info
5076,ham
5077,ham
5078,ham
5079,info
5080,info
5081,info
5082,ham
5083,info
5084,info
5085,info
5086,info
5087,ham
5088,spam
5089,info
5090,ham
5091,info
5092,info
5093,ham
5094,info
5095,ham
5096,info
5097,spam
5098,ham
5099,spam
5100,ham
5101,info
5102,ham
5103,ham
5104,ham
5105,info
5106,info
5107,spam
5108,ham
5109,spam
5110,info
5111,spam
5112,ham
5113,ham
5114,info
5115,ham
5116,info
5117,info
5118,ham
5119,spam
5120,info
5121,info
5122,info
5123,ham
5124,info
5125,ham
5126,ham
5127,spam
5128,info
5129,info
5130,ham
5131,spam
5132,info
5133,info
5134,ham
5135,spam
5136,info
5137,info
5138,ham
5139,spam
5140,info
5141,ham
5142,ham
5143,ham
5144,spam
5145,ham
5146,info
5147,ham
5148,info
5149,info
5150,ham
5151,ham
5152,ham
5153,ham
5154,info
5155,info
5156,ham
5157,info
5158,ham
5159,ham
5160,info
5161,spam
5162,info
5163,ham
5164,spam
5165,ham
5166,spam
5167,info
5168,ham
5169,ham
5170,spam
5171,ham
5172,spam
5173,ham
5174,ham
5175,spam
5176,spam
5177,ham
5178,spam
5179,spam
5180,info
5181,ham
5182,ham
5183,ham
5184,spam
5185,ham
5186,ham
5187,spam
5188,ham
5189,spam
5190,info
5191,spam
5192,info
5193,info
5194,ham
5195,info
5196,spam
5197,info
5198,spam
5199,spam
5200,info
5201,info
5202,info
5203,spam
5204,info
5205,spam
5206,ham
5207,info
5208,ham
5209,ham
5210,info
5211,spam
5212,info
5213,ham
5214,spam
5215,info
5216,ham
5217,info
5218,ham
5219,info
5220,spam
5221,info
5222,ham
5223,ham
5224,info
5225,spam
5226,info
5227,spam
5228,info
5229,ham
5230,spam
5231,info
5232,info
5233,spam
5234,info
5235,spam
5236,ham
5237,info
5238,ham
5239,info
5240,spam
5241,info
5242,ham
5243,spam
5244,spam
5245,spam
5246,ham
5247,ham
5248,ham
5249,spam
5250,info
5251,spam
5252,info
5253,spam
5254,spam
5255,info
5256,info
5257,spam
5258,spam
5259,ham
5260,ham
5261,ham
5262,info
5263,spam
5264,info
5265,spam
5266,info
5267,ham
5268,info
5269,ham
5270,info
5271,info
5272,ham
5273,ham
5274,ham
5275,ham
5276,ham
5277,ham
5278,info
5279,ham
5280,info
5281,info
5282,spam
5283,ham
5284,ham
5285,info
5286,spam
5287,info
5288,info
5289,info
5290,info
5291,info
5292,ham
5293,ham
5294,spam
5295,info
5296,info
5297,info
5298,spam
5299,ham
5300,ham
5301,spam
5302,ham
5303,spam
5304,spam
5305,info
5306,ham
5307,info
5308,spam
5309,spam
5310,spam
5311,ham
5312,info
5313,ham
5314,info
5315,ham
5316,info
5317,info
5318,spam
5319,info
5320,info
5321,ham
5322,info
5323,spam
5324,ham
5325,info
5326,ham
5327,ham
5328,info
5329,info
5330,ham
5331,ham
5332,spam
5333,info
5334,ham
5335,info
5336,info
5337,ham
5338,info
5339,spam
5340,info
5341,spam
5342,ham
5343,spam
5344,spam
5345,spam
5346,spam
5347,spam
5348,spam
5349,spam
5350,spam
5351,ham
5352,ham
5353,ham
5354,ham
5355,ham
5356,info
5357,info
5358,info
5359,spam
5360,ham
5361,ham
5362,spam
5363,ham
5364,spam
5365,ham
5366,spam
5367,info
5368,info
5369,info
5370,info
5371,info
5372,spam
5373,info
5374,info
5375,spam
5376,spam
5377,ham
5378,info
5379,spam
5380,info
5381,spam
5382,spam
5383,info
5384,ham
5385,spam
5386,spam
5387,ham
5388,spam
5389,spam
5390,info
5391,info
5392,info
5393,spam
5394,ham
5395,ham
5396,info
5397,info
5398,ham
5399,info
5400,info
5401,ham
5402,ham
5403,spam
5404,ham
5405,ham
5406,info
5407,info
5408,info
5409,ham
5410,spam
5411,info
5412,spam
5413,info
5414,spam
5415,spam
5416,info
5417,ham
5418,info
5419,info
5420,ham
5421,ham
5422,info
5423,spam
5424,spam
5425,ham
5426,info
5427,ham
5428,info
5429,ham
5430,ham
5431,info
5432,spam
5433,ham
5434,ham
5435,info
5436,ham
5437,ham
5438,ham
5439,ham
5440,ham
5441,ham
5442,ham
5443,spam
5444,spam
5445,info
5446,ham
5447,info
5448,ham
5449,info
5450,ham
5451,info
5452,spam
5453,spam
5454,info
5455,ham
5456,info
5457,spam
5458,ham
5459,spam
5460,ham
5461,ham
5462,info
5463,info
5464,ham
5465,info
5466,ham
5467,info
5468,ham
5469,ham
5470,ham
5471,info
5472,ham
5473,spam
5474,spam
5475,ham
5476,info
5477,info
5478,ham
5479,ham
5480,ham
5481,ham
5482,ham
5483,spam
5484,ham
5485,info
5486,info
5487,spam
5488,ham
5489,info
5490,ham
5491,spam
5492,ham
5493,spam
5494,spam
5495,ham
5496,info
5497,info
5498,spam
5499,ham
5500,info
5501,info
5502,info
5503,ham
5504,info
5505,info
5506,spam
5507,ham
5508,ham
5509,info
5510,ham
5511,spam
5512,ham
5513,spam
5514,info
5515,ham
5516,spam
5517,info
5518,info
5519,spam
5520,info
5521,ham
5522,ham
5523,spam
5524,spam
5525,ham
5526,ham
5527,ham
5528,info
5529,info
5530,info
5531,spam
5532,info
5533,spam
5534,spam
5535,ham
5536,spam
5537,info
5538,info
5539,spam
5540,info
5541,spam
5542,info
5543,spam
5544,spam
5545,ham
5546,ham
5547,info
5548,info
5549,ham
5550,info
5551,info
5552,ham
5553,info
5554,spam
5555,ham
5556,info
5557,info
5558,info
5559,ham
5560,info
5561,ham
5562,info
5563,spam
5564,ham
5565,info
5566,ham
5567,ham
5568,spam
5569,info
5570,spam
5571,spam
5572,spam
5573,info
5574,ham
5575,ham
5576,ham
5577,ham
5578,ham
5579,ham
5580,ham
5581,spam
5582,info
5583,spam
5584,spam
5585,info
5586,info
5587,info
5588,info
5589,ham
5590,info
5591,info
5592,info
5593,info
5594,spam
5595,spam
5596,info
5597,spam
5598,info
5599,info
5600,ham
5601,info
5602,spam
5603,info
5604,info
5605,ham
5606,ham
5607,info
5608,info
5609,info
5610,info
5611,ham
5612,ham
5613,info
5614,ham
5615,info
5616,info
5617,info
5618,spam
5619,info
5620,info
5621,spam
5622,spam
5623,info
5624,info
5625,info
5626,ham
5627,info
5628,ham
5629,ham
5630,ham
5631,spam
5632,ham
5633,ham
5634,info
5635,info
5636,spam
5637,info
5638,ham
5639,info
5640,spam
5641,info
5642,spam
5643,info
5644,ham
5645,spam
5646,ham
5647,info
5648,info
5649,spam
5650,spam
5651,ham
5652,ham
5653,info
5654,info
5655,spam
5656,ham
5657,info
5658,ham
5659,ham
5660,info
5661,ham
5662,info
5663,ham
5664,ham
5665,spam
5666,spam
5667,info
5668,ham
5669,spam
5670,info
5671,ham
5672,spam
5673,spam
5674,info
5675,ham
5676,info
5677,ham
5678,ham
5679,info
5680,spam
5681,spam
5682,ham
5683,info
5684,spam
5685,spam
5686,ham
5687,info
5688,ham
5689,info
5690,spam
5691,info
5692,spam
5693,spam
5694,ham
5695,spam
5696,info
5697,spam
5698,info
5699,info
5700,info
5701,spam
5702,ham
5703,info
5704,info
5705,ham
5706,info
5707,ham
5708,spam
5709,spam
5710,info
5711,ham
5712,info
5713,spam
5714,info
5715,ham
5716,spam
5717,info
5718,ham
5719,info
5720,ham
5721,ham
5722,ham
5723,info
5724,ham
5725,info
5726,spam
5727,info
5728,info
5729,ham
5730,spam
5731,spam
5732,info
5733,info
5734,ham
5735,info
5736,info
5737,info
5738,ham
5739,ham
5740,ham
5741,ham
5742,spam
5743,info
5744,info
5745,ham
5746,spam
5747,spam
5748,ham
5749,info
5750,info
5751,ham
5752,ham
5753,info
5754,info
5755,spam
5756,info
5757,info
5758,info
5759,spam
5760,spam
5761,info
5762,info
5763,spam
5764,spam
5765,spam
5766,ham
5767,info
5768,info
5769,spam
5770,info
5771,info
5772,info
5773,spam
5774,spam
5775,info
5776,info
5777,ham
5778,spam
5779,ham
5780,ham
5781,info
5782,ham
5783,spam
5784,info
5785,spam
5786,spam
5787,ham
5788,ham
5789,info
5790,info
5791,info
5792,info
5793,info
5794,ham
5795,spam
5796,info
5797,spam
5798,info
5799,info
5800,info
5801,ham
5802,info
5803,spam
5804,spam
5805,ham
5806,info
5807,spam
5808,info
5809,info
5810,info
5811,info
5812,info
5813,spam
5814,spam
5815,ham
5816,ham
5817,info
5818,ham
5819,ham
5820,ham
5821,ham
5822,spam
5823,info
5824,info
5825,ham
5826,info
5827,spam
5828,ham
5829,info
5830,ham
5831,info
5832,info
5833,spam
5834,ham
5835,info
5836,spam
5837,info
5838,spam
5839,spam
5840,info
5841,info
5842,ham
5843,ham
5844,spam
5845,ham
5846,info
5847,spam
5848,spam
5849,info
5850,spam
5851,spam
5852,ham
5853,spam
5854,spam
5855,info
5856,info
5857,ham
5858,ham
5859,ham
5860,info
5861,info
5862,info
5863,ham
5864,ham
5865,ham
5866,spam
5867,info
5868,ham
5869,info
5870,info
5871,ham
5872,info
5873,spam
5874,info
5875,ham
5876,ham
5877,ham
5878,ham
5879,info
5880,info
5881,info
5882,ham
5883,spam
5884,info
5885,spam
5886,ham
5887,spam
5888,info
5889,spam
5890,ham
5891,info
5892,spam
5893,info
5894,spam
5895,info
5896,ham
5897,ham
5898,ham
5899,spam
5900,ham
5901,ham
5902,spam
5903,ham
5904,info
5905,info
5906,ham
5907,spam
5908,info
5909,spam
5910,info
5911,ham
5912,ham
5913,info
5914,info
5915,spam
5916,info
5917,info
5918,info
5919,spam
5920,spam
5921,ham
5922,info
5923,spam
5924,spam
5925,spam
5926,spam
5927,ham
5928,spam
5929,ham
5930,ham
5931,spam
5932,ham
5933,spam
5934,info
5935,ham
5936,ham
5937,spam
5938,ham
5939,info
5940,info
5941,ham
5942,ham
5943,ham
5944,info
5945,info
5946,ham
5947,spam
5948,spam
5949,spam
5950,ham
5951,info
5952,ham
5953,info
5954,info
5955,info
5956,ham
5957,info
5958,info
5959,ham
5960,info
5961,info
5962,ham
5963,spam
5964,info
5965,ham
5966,info
5967,info
5968,info
5969,ham
5970,spam
5971,spam
5972,ham
5973,spam
5974,spam
5975,spam
5976,info
5977,ham
5978,info
5979,spam
5980,ham
5981,ham
5982,ham
5983,info
5984,spam
5985,info
5986,ham
5987,ham
5988,info
5989,info
5990,info
5991,ham
5992,ham
5993,ham
5994,info
5995,spam
5996,spam
5997,ham
5998,info
5999,ham
6000,info
6001,spam
6002,info
6003,info
6004,spam
6005,info
6006,ham
6007,info
6008,spam
6009,info
6010,ham
6011,ham
6012,info
6013,ham
6014,info
6015,info
6016,ham
6017,info
6018,ham
6019,info
6020,info
6021,spam
6022,spam
6023,info
6024,ham
6025,ham
6026,info
6027,info
6028,ham
6029,ham
6030,info
6031,info
6032,info
6033,spam
6034,spam
6035,info
6036,info
6037,ham
6038,info
6039,ham
6040,info
6041,spam
6042,ham
6043,spam
6044,info
6045,ham
6046,spam
6047,info
6048,info
6049,info
6050,info
6051,spam
6052,info
6053,ham
6054,ham
6055,info
6056,info
6057,info
6058,info
6059,info
6060,ham
6061,ham
6062,ham
6063,spam
6064,ham
6065,spam
6066,info
6067,spam
6068,info
6069,spam
6070,spam
6071,info
6072,info
6073,spam
6074,info
6075,spam
6076,ham
6077,info
6078,spam
6079,info
6080,info
6081,info
6082,info
6083,info
6084,info
6085,ham
6086,spam
6087,info
6088,info
6089,spam
6090,info
6091,info
6092,ham
6093,info
6094,ham
6095,info
6096,spam
6097,info
6098,info
6099,info
6100,info
6101,info
6102,spam
6103,ham
6104,ham
6105,ham
6106,spam
6107,info
6108,ham
6109,ham
6110,spam
6111,spam
6112,spam
6113,ham
6114,info
6115,info
6116,ham
6117,ham
6118,spam
6119,ham
6120,ham
6121,ham
6122,ham
6123,ham
6124,ham
6125,info
6126,ham
6127,info
6128,spam
6129,info
6130,info
6131,ham
6132,info
6133,spam
6134,ham
6135,ham
6136,info
6137,ham
6138,info
6139,spam
6140,spam
6141,info
6142,spam
6143,info
6144,spam
6145,info
6146,info
6147,ham
6148,info
6149,info
6150,spam
6151,info
6152,ham
6153,spam
6154,spam
6155,info
6156,ham
6157,info
6158,info
6159,ham
6160,info
6161,ham
6162,info
6163,ham
6164,info
6165,info
6166,spam
6167,spam
6168,spam
6169,ham
6170,ham
6171,spam
6172,info
6173,spam
6174,info
6175,info
6176,ham
6177,ham
6178,info
6179,info
6180,ham
6181,ham
6182,spam
6183,spam
6184,ham
6185,ham
6186,info
6187,ham
6188,ham
6189,info
6190,info
6191,info
6192,info
6193,info
6194,ham
6195,info
6196,info
6197,spam
6198,spam
6199,info
6200,ham
6201,spam
6202,info
6203,ham
6204,ham
6205,info
6206,spam
6207,info
6208,info
6209,info
6210,info
6211,spam
6212,ham
6213,ham
6214,info
6215,spam
6216,ham
6217,ham
6218,ham
6219,ham
6220,spam
6221,spam
6222,ham
6223,info
6224,spam
6225,spam
6226,info
6227,spam
6228,info
6229,info
6230,info
6231,info
6232,info
6233,spam
6234,info
6235,ham
6236,ham
6237,info
6238,spam
6239,info
6240,info
6241,ham
6242,spam
6243,spam
6244,info
6245,info
6246,info
6247,ham
6248,ham
6249,ham
6250,spam
6251,info
6252,ham
6253,info
6254,ham
6255,spam
6256,ham
6257,info
6258,ham
6259,ham
6260,spam
6261,ham
6262,info
6263,spam
6264,spam
6265,spam
6266,info
6267,ham
6268,ham
6269,info
6270,spam
6271,ham
6272,spam
6273,info
6274,info
6275,info
6276,ham
6277,ham
6278,info
6279,info
6280,info
6281,ham
6282,info
6283,ham
6284,info
6285,info
6286,info
6287,info
6288,info
6289,ham
6290,spam
6291,spam
6292,ham
6293,ham
6294,ham
6295,ham
6296,info
6297,spam
6298,info
6299,ham
6300,spam
6301,spam
6302,ham
6303,ham
6304,ham
6305,ham
6306,info
6307,ham
6308,info
6309,info
6310,ham
6311,ham
6312,spam
6313,info
6314,info
6315,spam
6316,spam
6317,info
6318,ham
6319,spam
6320,info
6321,info
6322,ham
6323,info
6324,spam
6325,ham
6326,spam
6327,info
6328,info
6329,info
6330,info
6331,info
6332,spam
6333,spam
6334,spam
6335,info
6336,info
6337,ham
6338,ham
6339,ham
6340,ham
6341,info
6342,info
6343,ham
6344,info
6345,info
6346,info
6347,spam
6348,info
6349,ham
6350,info
6351,info
6352,info
6353,ham
6354,info
6355,spam
6356,spam
6357,info
6358,spam
6359,spam
6360,spam
6361,ham
6362,spam
6363,spam
6364,ham
6365,spam
6366,ham
6367,ham
6368,ham
6369,info
6370,info
6371,info
6372,ham
6373,ham
6374,info
6375,spam
6376,spam
6377,ham
6378,info
6379,info
6380,ham
6381,ham
6382,ham
6383,info
6384,info
6385,ham
6386,ham
6387,spam
6388,spam
6389,ham
6390,info
6391,spam
6392,spam
6393,ham
6394,info
6395,spam
6396,info
6397,spam
6398,info
6399,info
6400,info
6401,spam
6402,ham
6403,ham
6404,ham
6405,ham
6406,ham
6407,ham
6408,spam
6409,info
6410,ham
6411,info
6412,spam
6413,spam
6414,spam
6415,spam
6416,ham
6417,ham
6418,info
6419,ham
6420,info
6421,info
6422,info
6423,ham
6424,info
6425,info
6426,spam
6427,ham
6428,spam
6429,info
6430,info
6431,spam
6432,info
6433,spam
6434,spam
6435,info
6436,ham
6437,info
6438,spam
6439,info
6440,info
6441,info
6442,ham
6443,info
6444,spam
6445,ham
6446,ham
6447,ham
6448,ham
6449,info
6450,spam
6451,ham
6452,spam
6453,ham
6454,spam
6455,spam
6456,ham
6457,spam
6458,ham
6459,info
6460,info
6461,info
6462,ham
6463,info
6464,ham
6465,ham
6466,spam
6467,spam
6468,info
6469,ham
6470,info
6471,info
6472,spam
6473,spam
6474,ham
6475,info
6476,info
6477,ham
6478,info
6479,info
6480,spam
6481,info
6482,info
6483,info
6484,info
6485,info
6486,ham
6487,ham
6488,info
6489,ham
6490,info
6491,ham
6492,spam
6493,ham
6494,spam
6495,info
6496,ham
6497,ham
6498,spam
6499,info
6500,info
6501,ham
6502,ham
6503,spam
6504,ham
6505,info
6506,info
6507,ham
6508,ham
6509,info
6510,info
6511,spam
6512,spam
6513,ham
6514,spam
6515,info
6516,ham
6517,ham
6518,ham
6519,info
6520,info
6521,info
6522,info
6523,spam
6524,info
6525,info
6526,spam
6527,spam
6528,spam
6529,info
6530,ham
6531,ham
6532,ham
6533,info
6534,info
6535,info
6536,ham
6537,ham
6538,info
6539,ham
6540,info
6541,ham
6542,spam
6543,ham
6544,info
6545,info
6546,info
6547,ham
6548,spam
6549,info
6550,ham
6551,ham
6552,info
6553,ham
6554,info
6555,info
6556,ham
6557,ham
6558,ham
6559,spam
6560,ham
6561,ham
6562,spam
6563,info
6564,ham
6565,spam
6566,spam
6567,info
6568,spam
6569,info
6570,spam
6571,spam
6572,info
6573,ham
6574,spam
6575,ham
6576,ham
6577,info
6578,ham
6579,spam
6580,ham
6581,ham
6582,info
6583,ham
6584,info
6585,ham
6586,info
6587,info
6588,ham
6589,info
6590,info
6591,ham
6592,ham
6593,spam
6594,spam
6595,info
6596,ham
6597,ham
6598,spam
6599,info
6600,info
6601,spam
6602,info
6603,info
6604,spam
6605,info
6606,spam
6607,ham
6608,info
6609,ham
6610,ham
6611,info
6612,spam
6613,spam
6614,ham
6615,ham
6616,spam
6617,ham
6618,spam
6619,info
6620,info
6621,info
6622,ham
6623,spam
6624,ham
6625,ham
6626,ham
6627,spam
6628,info
6629,info
6630,info
6631,info
6632,ham
6633,spam
6634,info
6635,ham
6636,spam
6637,info
6638,info
6639,ham
6640,ham
6641,spam
6642,info
6643,info
6644,spam
6645,info
6646,spam
6647,ham
6648,spam
6649,info
6650,ham
6651,ham
6652,spam
6653,spam
6654,ham
6655,spam
6656,info
6657,ham
6658,info
6659,ham
6660,spam
6661,info
6662,ham
6663,info
6664,ham
6665,spam
6666,spam
6667,info
6668,spam
6669,info
6670,ham
6671,info
6672,spam
6673,spam
6674,info
6675,spam
6676,spam
6677,info
6678,info
6679,ham
6680,spam
6681,info
6682,info
6683,info
6684,info
6685,info
6686,ham
6687,spam
6688,info
6689,ham
6690,info
6691,info
6692,info
6693,spam
6694,info
6695,ham
6696,info
6697,spam
6698,ham
6699,ham
6700,spam
6701,info
6702,ham
6703,info
6704,info
6705,spam
6706,info
6707,spam
6708,spam
6709,ham
6710,info
6711,spam
6712,info
6713,ham
6714,spam
6715,ham
6716,spam
6717,info
6718,info
6719,spam
6720,ham
6721,spam
6722,ham
6723,info
6724,spam
6725,ham
6726,ham
6727,spam
6728,spam
6729,ham
6730,spam
6731,ham
6732,info
6733,info
6734,info
6735,spam
6736,info
6737,spam
6738,ham
6739,ham
6740,info
6741,ham
6742,info
6743,ham
6744,info
6745,info
6746,info
6747,ham
6748,ham
6749,info
6750,info
6751,spam
6752,info
6753,ham
6754,info
6755,info
6756,spam
6757,info
6758,info
6759,ham
6760,info
6761,spam
6762,info
6763,ham
6764,spam
6765,spam
6766,ham
6767,info
6768,spam
6769,info
6770,ham
6771,ham
6772,info
6773,ham
6774,info
6775,spam
6776,spam
6777,info
6778,spam
6779,info
6780,spam
6781,ham
6782,info
6783,ham
6784,spam
6785,info
6786,ham
6787,info
6788,ham
6789,ham
6790,ham
6791,info
6792,ham
6793,spam
6794,spam
6795,info
6796,ham
6797,info
6798,spam
6799,spam
6800,info
6801,ham
6802,ham
6803,info
6804,ham
6805,info
6806,spam
6807,spam
6808,ham
6809,ham
6810,info
6811,info
6812,ham
6813,info
6814,ham
6815,ham
6816,spam
6817,ham
6818,spam
6819,info
6820,info
6821,info
6822,info
6823,info
6824,info
6825,info
6826,info
6827,info
6828,ham
6829,ham
6830,ham
6831,spam
6832,info
6833,spam
6834,spam
6835,info
6836,ham
6837,spam
6838,ham
6839,spam
6840,info
6841,info
6842,spam
6843,spam
6844,ham
6845,spam
6846,spam
6847,ham
6848,info
6849,info
6850,spam
6851,info
6852,info
6853,ham
6854,info
6855,spam
6856,ham
6857,spam
6858,info
6859,info
6860,info
6861,info
6862,spam
6863,info
6864,info
6865,info
6866,spam
6867,info
6868,spam
6869,info
6870,info
6871,info
6872,spam
6873,info
6874,ham
6875,info
6876,info
6877,info
6878,spam
6879,spam
6880,ham
6881,spam
6882,info
6883,spam
6884,info
6885,spam
6886,spam
6887,info
6888,info
6889,spam
6890,ham
6891,spam
6892,ham
6893,ham
6894,ham
6895,info
6896,spam
6897,ham
6898,spam
6899,info
6900,info
6901,spam
6902,ham
6903,info
6904,info
6905,ham
6906,ham
6907,ham
6908,spam
6909,info
6910,info
6911,info
6912,ham
6913,info
6914,info
6915,spam
6916,ham
6917,spam
6918,ham
6919,ham
6920,ham
6921,info
6922,spam
6923,ham
6924,spam
6925,info
6926,ham
6927,ham
6928,spam
6929,ham
6930,ham
6931,spam
6932,info
6933,info
6934,info
6935,ham
6936,info
6937,ham
6938,spam
6939,spam
6940,ham
6941,info
6942,info
6943,ham
6944,spam
6945,info
6946,ham
6947,spam
6948,spam
6949,info
6950,ham
6951,info
6952,info
6953,ham
6954,spam
6955,ham
6956,info
6957,info
6958,ham
6959,ham
6960,info
6961,spam
6962,ham
6963,ham
6964,info
6965,ham
6966,info
6967,ham
6968,ham
6969,spam
6970,ham
6971,spam
6972,info
6973,ham
6974,ham
6975,spam
6976,ham
6977,spam
6978,info
6979,info
6980,ham
6981,info
6982,info
6983,info
6984,info
6985,ham
6986,spam
6987,ham
6988,info
6989,ham
6990,ham
6991,ham
6992,ham
6993,info
6994,info
6995,info
6996,ham
6997,info
6998,spam
6999,info
7000,ham
7001,info
7002,spam
7003,spam
7004,spam
7005,info
7006,spam
7007,ham
7008,info
7009,info
7010,ham
7011,ham
7012,spam
7013,info
7014,spam
7015,ham
7016,info
7017,info
7018,ham
7019,spam
7020,ham
7021,ham
7022,info
7023,info
7024,ham
7025,spam
7026,info
7027,ham
